id,name,name_ko,evolves_from_species_id,evolution_chain_id,gender_rate,base_happiness,is_baby,hatch_counter,growth_rate_id
1,Bulbasaur,이상해씨,0,1,1,70,0,20,4
2,Ivysaur,이상해풀,1,1,1,70,0,20,4
3,Venusaur,이상해꽃,2,1,1,70,0,20,4
4,Charmander,파이리,0,2,1,70,0,20,4
5,Charmeleon,리자드,4,2,1,70,0,20,4
6,Charizard,리자몽,5,2,1,70,0,20,4
7,Squirtle,꼬부기,0,3,1,70,0,20,4
8,Wartortle,어니부기,7,3,1,70,0,20,4
9,Blastoise,거북왕,8,3,1,70,0,20,4
10,Caterpie,캐터피,0,4,4,70,0,15,2
11,Metapod,단데기,10,4,4,70,0,15,2
12,Butterfree,버터플,11,4,4,70,0,15,2
13,Weedle,뿔충이,0,5,4,70,0,15,2
14,Kakuna,딱충이,13,5,4,70,0,15,2
15,Beedrill,독침붕,14,5,4,70,0,15,2
16,Pidgey,구구,0,6,4,70,0,15,4
17,Pidgeotto,피죤,16,6,4,70,0,15,4
18,Pidgeot,피죤투,17,6,4,70,0,15,4
19,Rattata,꼬렛,0,7,4,70,0,15,2
20,Raticate,레트라,19,7,4,70,0,15,2
21,Spearow,깨비참,0,8,4,70,0,15,2
22,Fearow,깨비드릴조,21,8,4,70,0,15,2
23,Ekans,아보,0,9,4,70,0,20,2
24,Arbok,아보크,23,9,4,70,0,20,2
25,Pikachu,피카츄,172,10,4,70,0,10,2
26,Raichu,라이츄,25,10,4,70,0,10,2
27,Sandshrew,모래두지,0,11,4,70,0,20,2
28,Sandslash,고지,27,11,4,70,0,20,2
29,Nidoran♀,니드런♀,0,12,8,70,0,20,4
30,Nidorina,니드리나,29,12,8,70,0,20,4
31,Nidoqueen,니드퀸,30,12,8,70,0,20,4
32,Nidoran♂,니드런♂,0,13,0,70,0,20,4
33,Nidorino,니드리노,32,13,0,70,0,20,4
34,Nidoking,니드킹,33,13,0,70,0,20,4
35,Clefairy,삐삐,173,14,6,140,0,10,3
36,Clefable,픽시,35,14,6,140,0,10,3
37,Vulpix,식스테일,0,15,6,70,0,20,2
38,Ninetales,나인테일,37,15,6,70,0,20,2
39,Jigglypuff,푸린,174,16,6,70,0,10,3
40,Wigglytuff,푸크린,39,16,6,70,0,10,3
41,Zubat,주뱃,0,17,4,70,0,15,2
42,Golbat,골뱃,41,17,4,70,0,15,2
43,Oddish,뚜벅쵸,0,18,4,70,0,20,4
44,Gloom,냄새꼬,43,18,4,70,0,20,4
45,Vileplume,라플레시아,44,18,4,70,0,20,4
46,Paras,파라스,0,19,4,70,0,20,2
47,Parasect,파라섹트,46,19,4,70,0,20,2
48,Venonat,콘팡,0,20,4,70,0,20,2
49,Venomoth,도나리,48,20,4,70,0,20,2
50,Diglett,디그다,0,21,4,70,0,20,2
51,Dugtrio,닥트리오,50,21,4,70,0,20,2
52,Meowth,나옹,0,22,4,70,0,20,2
53,Persian,페르시온,52,22,4,70,0,20,2
54,Psyduck,고라파덕,0,23,4,70,0,20,2
55,Golduck,골덕,54,23,4,70,0,20,2
56,Mankey,망키,0,24,4,70,0,20,2
57,Primeape,성원숭,56,24,4,70,0,20,2
58,Growlithe,가디,0,25,2,70,0,20,1
59,Arcanine,윈디,58,25,2,70,0,20,1
60,Poliwag,발챙이,0,26,4,70,0,20,4
61,Poliwhirl,슈륙챙이,60,26,4,70,0,20,4
62,Poliwrath,강챙이,61,26,4,70,0,20,4
63,Abra,캐이시,0,27,2,70,0,20,4
64,Kadabra,윤겔라,63,27,2,70,0,20,4
65,Alakazam,후딘,64,27,2,70,0,20,4
66,Machop,알통몬,0,28,2,70,0,20,4
67,Machoke,근육몬,66,28,2,70,0,20,4
68,Machamp,괴력몬,67,28,2,70,0,20,4
69,Bellsprout,모다피,0,29,4,70,0,20,4
70,Weepinbell,우츠동,69,29,4,70,0,20,4
71,Victreebel,우츠보트,70,29,4,70,0,20,4
72,Tentacool,왕눈해,0,30,4,70,0,20,1
73,Tentacruel,독파리,72,30,4,70,0,20,1
74,Geodude,꼬마돌,0,31,4,70,0,15,4
75,Graveler,데구리,74,31,4,70,0,15,4
76,Golem,딱구리,75,31,4,70,0,15,4
77,Ponyta,포니타,0,32,4,70,0,20,2
78,Rapidash,날쌩마,77,32,4,70,0,20,2
79,Slowpoke,야돈,0,33,4,70,0,20,2
80,Slowbro,야도란,79,33,4,70,0,20,2
81,Magnemite,코일,0,34,-1,70,0,20,2
82,Magneton,레어코일,81,34,-1,70,0,20,2
83,Farfetch'd,파오리,0,35,4,70,0,20,2
84,Doduo,두두,0,36,4,70,0,20,2
85,Dodrio,두트리오,84,36,4,70,0,20,2
86,Seel,쥬쥬,0,37,4,70,0,20,2
87,Dewgong,쥬레곤,86,37,4,70,0,20,2
88,Grimer,질퍽이,0,38,4,70,0,20,2
89,Muk,질뻐기,88,38,4,70,0,20,2
90,Shellder,셀러,0,39,4,70,0,20,1
91,Cloyster,파르셀,90,39,4,70,0,20,1
92,Gastly,고오스,0,40,4,70,0,20,4
93,Haunter,고우스트,92,40,4,70,0,20,4
94,Gengar,팬텀,93,40,4,70,0,20,4
95,Onix,롱스톤,0,41,4,70,0,25,2
96,Drowzee,슬리프,0,42,4,70,0,20,2
97,Hypno,슬리퍼,96,42,4,70,0,20,2
98,Krabby,크랩,0,43,4,70,0,20,2
99,Kingler,킹크랩,98,43,4,70,0,20,2
100,Voltorb,찌리리공,0,44,-1,70,0,20,2
101,Electrode,붐볼,100,44,-1,70,0,20,2
102,Exeggcute,아라리,0,45,4,70,0,20,1
103,Exeggutor,나시,102,45,4,70,0,20,1
104,Cubone,탕구리,0,46,4,70,0,20,2
105,Marowak,텅구리,104,46,4,70,0,20,2
106,Hitmonlee,시라소몬,236,47,0,70,0,25,2
107,Hitmonchan,홍수몬,236,47,0,70,0,25,2
108,Lickitung,내루미,0,48,4,70,0,20,2
109,Koffing,또가스,0,49,4,70,0,20,2
110,Weezing,또도가스,109,49,4,70,0,20,2
111,Rhyhorn,뿔카노,0,50,4,70,0,20,1
112,Rhydon,코뿌리,111,50,4,70,0,20,1
113,Chansey,럭키,440,51,8,140,0,40,3
114,Tangela,덩쿠리,0,52,4,70,0,20,2
115,Kangaskhan,캥카,0,53,8,70,0,20,2
116,Horsea,쏘드라,0,54,4,70,0,20,2
117,Seadra,시드라,116,54,4,70,0,20,2
118,Goldeen,콘치,0,55,4,70,0,20,2
119,Seaking,왕콘치,118,55,4,70,0,20,2
120,Staryu,별가사리,0,56,-1,70,0,20,1
121,Starmie,아쿠스타,120,56,-1,70,0,20,1
122,Mr. Mime,마임맨,439,57,4,70,0,25,2
123,Scyther,스라크,0,58,4,70,0,25,2
124,Jynx,루주라,238,59,8,70,0,25,2
125,Electabuzz,에레브,239,60,2,70,0,25,2
126,Magmar,마그마,240,61,2,70,0,25,2
127,Pinsir,쁘사이저,0,62,4,70,0,25,1
128,Tauros,켄타로스,0,63,0,70,0,20,1
129,Magikarp,잉어킹,0,64,4,70,0,5,1
130,Gyarados,갸라도스,129,64,4,70,0,5,1
131,Lapras,라프라스,0,65,4,70,0,40,1
132,Ditto,메타몽,0,66,-1,70,0,20,2
133,Eevee,이브이,0,67,1,70,0,35,2
134,Vaporeon,샤미드,133,67,1,70,0,35,2
135,Jolteon,쥬피썬더,133,67,1,70,0,35,2
136,Flareon,부스터,133,67,1,70,0,35,2
137,Porygon,폴리곤,0,68,-1,70,0,20,2
138,Omanyte,암나이트,0,69,1,70,0,30,2
139,Omastar,암스타,138,69,1,70,0,30,2
140,Kabuto,투구,0,70,1,70,0,30,2
141,Kabutops,투구푸스,140,70,1,70,0,30,2
142,Aerodactyl,프테라,0,71,1,70,0,35,1
143,Snorlax,잠만보,446,72,1,70,0,40,1
144,Articuno,프리져,0,73,-1,35,0,80,1
145,Zapdos,썬더,0,74,-1,35,0,80,1
146,Moltres,파이어,0,75,-1,35,0,80,1
147,Dratini,미뇽,0,76,4,35,0,40,1
148,Dragonair,신뇽,147,76,4,35,0,40,1
149,Dragonite,망나뇽,148,76,4,35,0,40,1
150,Mewtwo,뮤츠,0,77,-1,0,0,120,1
151,Mew,뮤,0,78,-1,100,0,120,4
152,Chikorita,치코리타,0,79,1,70,0,20,4
153,Bayleef,베이리프,152,79,1,70,0,20,4
154,Meganium,메가니움,153,79,1,70,0,20,4
155,Cyndaquil,브케인,0,80,1,70,0,20,4
156,Quilava,마그케인,155,80,1,70,0,20,4
157,Typhlosion,블레이범,156,80,1,70,0,20,4
158,Totodile,리아코,0,81,1,70,0,20,4
159,Croconaw,엘리게이,158,81,1,70,0,20,4
160,Feraligatr,장크로다일,159,81,1,70,0,20,4
161,Sentret,꼬리선,0,82,4,70,0,15,2
162,Furret,다꼬리,161,82,4,70,0,15,2
163,Hoothoot,부우부,0,83,4,70,0,15,2
164,Noctowl,야부엉,163,83,4,70,0,15,2
165,Ledyba,레디바,0,84,4,70,0,15,3
166,Ledian,레디안,165,84,4,70,0,15,3
167,Spinarak,페이검,0,85,4,70,0,15,3
168,Ariados,아리아도스,167,85,4,70,0,15,3
169,Crobat,크로뱃,42,17,4,70,0,15,2
170,Chinchou,초라기,0,86,4,70,0,20,1
171,Lanturn,랜턴,170,86,4,70,0,20,1
172,Pichu,피츄,0,10,4,70,1,10,2
173,Cleffa,삐,0,14,6,140,1,10,3
174,Igglybuff,푸푸린,0,16,6,70,1,10,3
175,Togepi,토게피,0,87,1,70,1,10,3
176,Togetic,토게틱,175,87,1,70,0,10,3
177,Natu,네이티,0,88,4,70,0,20,2
178,Xatu,네이티오,177,88,4,70,0,20,2
179,Mareep,메리프,0,89,4,70,0,20,4
180,Flaaffy,보송송,179,89,4,70,0,20,4
181,Ampharos,전룡,180,89,4,70,0,20,4
182,Bellossom,아르코,44,18,4,70,0,20,4
183,Marill,마릴,298,90,4,70,0,10,3
184,Azumarill,마릴리,183,90,4,70,0,10,3
185,Sudowoodo,꼬지모,438,91,4,70,0,20,2
186,Politoed,왕구리,61,26,4,70,0,20,4
187,Hoppip,통통코,0,92,4,70,0,20,4
188,Skiploom,두코,187,92,4,70,0,20,4
189,Jumpluff,솜솜코,188,92,4,70,0,20,4
190,Aipom,에이팜,0,93,4,70,0,20,3
191,Sunkern,해너츠,0,94,4,70,0,20,4
192,Sunflora,해루미,191,94,4,70,0,20,4
193,Yanma,왕자리,0,95,4,70,0,20,2
194,Wooper,우파,0,96,4,70,0,20,2
195,Quagsire,누오,194,96,4,70,0,20,2
196,Espeon,에브이,133,67,1,70,0,35,2
197,Umbreon,블래키,133,67,1,35,0,35,2
198,Murkrow,니로우,0,97,4,35,0,20,4
199,Slowking,야도킹,79,33,4,70,0,20,2
200,Misdreavus,무우마,0,98,4,35,0,25,3
201,Unown,안농,0,99,-1,70,0,40,2
202,Wobbuffet,마자용,360,100,4,70,0,20,2
203,Girafarig,키링키,0,101,4,70,0,20,2
204,Pineco,피콘,0,102,4,70,0,20,2
205,Forretress,쏘콘,204,102,4,70,0,20,2
206,Dunsparce,노고치,0,103,4,70,0,20,2
207,Gligar,글라이거,0,104,4,70,0,20,4
208,Steelix,강철톤,95,41,4,70,0,25,2
209,Snubbull,블루,0,105,6,70,0,20,3
210,Granbull,그랑블루,209,105,6,70,0,20,3
211,Qwilfish,침바루,0,106,4,70,0,20,2
212,Scizor,핫삼,123,58,4,70,0,25,2
213,Shuckle,단단지,0,107,4,70,0,20,4
214,Heracross,헤라크로스,0,108,4,70,0,25,1
215,Sneasel,포푸니,0,109,4,35,0,20,4
216,Teddiursa,깜지곰,0,110,4,70,0,20,2
217,Ursaring,링곰,216,110,4,70,0,20,2
218,Slugma,마그마그,0,111,4,70,0,20,2
219,Magcargo,마그카르고,218,111,4,70,0,20,2
220,Swinub,꾸꾸리,0,112,4,70,0,20,1
221,Piloswine,메꾸리,220,112,4,70,0,20,1
222,Corsola,코산호,0,113,6,70,0,20,3
223,Remoraid,총어,0,114,4,70,0,20,2
224,Octillery,대포무노,223,114,4,70,0,20,2
225,Delibird,딜리버드,0,115,4,70,0,20,3
226,Mantine,만타인,458,116,4,70,0,25,1
227,Skarmory,무장조,0,117,4,70,0,25,1
228,Houndour,델빌,0,118,4,35,0,20,1
229,Houndoom,헬가,228,118,4,35,0,20,1
230,Kingdra,킹드라,117,54,4,70,0,20,2
231,Phanpy,코코리,0,119,4,70,0,20,2
232,Donphan,코리갑,231,119,4,70,0,20,2
233,Porygon2,폴리곤2,137,68,-1,70,0,20,2
234,Stantler,노라키,0,120,4,70,0,20,1
235,Smeargle,루브도,0,121,4,70,0,20,3
236,Tyrogue,배루키,0,47,0,70,1,25,2
237,Hitmontop,카포에라,236,47,0,70,0,25,2
238,Smoochum,뽀뽀라,0,59,8,70,1,25,2
239,Elekid,에레키드,0,60,2,70,1,25,2
240,Magby,마그비,0,61,2,70,1,25,2
241,Miltank,밀탱크,0,122,8,70,0,20,1
242,Blissey,해피너스,113,51,8,140,0,40,3
243,Raikou,라이코,0,123,-1,35,0,80,1
244,Entei,앤테이,0,124,-1,35,0,80,1
245,Suicune,스이쿤,0,125,-1,35,0,80,1
246,Larvitar,애버라스,0,126,4,35,0,40,1
247,Pupitar,데기라스,246,126,4,35,0,40,1
248,Tyranitar,마기라스,247,126,4,35,0,40,1
249,Lugia,루기아,0,127,-1,0,0,120,1
250,Ho-oh,칠색조,0,128,-1,0,0,120,1
251,Celebi,세레비,0,129,-1,100,0,120,4
252,Treecko,나무지기,0,130,1,70,0,20,4
253,Grovyle,나무돌이,252,130,1,70,0,20,4
254,Sceptile,나무킹,253,130,1,70,0,20,4
255,Torchic,아차모,0,131,1,70,0,20,4
256,Combusken,영치코,255,131,1,70,0,20,4
257,Blaziken,번치코,256,131,1,70,0,20,4
258,Mudkip,물짱이,0,132,1,70,0,20,4
259,Marshtomp,늪짱이,258,132,1,70,0,20,4
260,Swampert,대짱이,259,132,1,70,0,20,4
261,Poochyena,포챠나,0,133,4,70,0,15,2
262,Mightyena,그라에나,261,133,4,70,0,15,2
263,Zigzagoon,지그제구리,0,134,4,70,0,15,2
264,Linoone,직구리,263,134,4,70,0,15,2
265,Wurmple,개무소,0,135,4,70,0,15,2
266,Silcoon,실쿤,265,135,4,70,0,15,2
267,Beautifly,뷰티플라이,266,135,4,70,0,15,2
268,Cascoon,카스쿤,265,135,4,70,0,15,2
269,Dustox,독케일,268,135,4,70,0,15,2
270,Lotad,연꽃몬,0,136,4,70,0,15,4
271,Lombre,로토스,270,136,4,70,0,15,4
272,Ludicolo,로파파,271,136,4,70,0,15,4
273,Seedot,도토링,0,137,4,70,0,15,4
274,Nuzleaf,잎새코,273,137,4,70,0,15,4
275,Shiftry,다탱구,274,137,4,70,0,15,4
276,Taillow,테일로,0,138,4,70,0,15,4
277,Swellow,스왈로,276,138,4,70,0,15,4
278,Wingull,갈모매,0,139,4,70,0,20,2
279,Pelipper,패리퍼,278,139,4,70,0,20,2
280,Ralts,랄토스,0,140,4,35,0,20,1
281,Kirlia,킬리아,280,140,4,35,0,20,1
282,Gardevoir,가디안,281,140,4,35,0,20,1
283,Surskit,비구술,0,141,4,70,0,15,2
284,Masquerain,비나방,283,141,4,70,0,15,2
285,Shroomish,버섯꼬,0,142,4,70,0,15,6
286,Breloom,버섯모,285,142,4,70,0,15,6
287,Slakoth,게을로,0,143,4,70,0,15,1
288,Vigoroth,발바로,287,143,4,70,0,15,1
289,Slaking,게을킹,288,143,4,70,0,15,1
290,Nincada,토중몬,0,144,4,70,0,15,5
291,Ninjask,아이스크,290,144,4,70,0,15,5
292,Shedinja,껍질몬,290,144,-1,70,0,15,5
293,Whismur,소곤룡,0,145,4,70,0,20,4
294,Loudred,노공룡,293,145,4,70,0,20,4
295,Exploud,폭음룡,294,145,4,70,0,20,4
296,Makuhita,마크탕,0,146,2,70,0,20,6
297,Hariyama,하리뭉,296,146,2,70,0,20,6
298,Azurill,루리리,0,90,6,70,1,10,3
299,Nosepass,코코파스,0,147,4,70,0,20,2
300,Skitty,에나비,0,148,6,70,0,15,3
301,Delcatty,델케티,300,148,6,70,0,15,3
302,Sableye,깜까미,0,149,4,35,0,25,4
303,Mawile,입치트,0,150,4,70,0,20,3
304,Aron,가보리,0,151,4,35,0,35,1
305,Lairon,갱도라,304,151,4,35,0,35,1
306,Aggron,보스로라,305,151,4,35,0,35,1
307,Meditite,요가랑,0,152,4,70,0,20,2
308,Medicham,요가램,307,152,4,70,0,20,2
309,Electrike,썬더라이,0,153,4,70,0,20,1
310,Manectric,썬더볼트,309,153,4,70,0,20,1
311,Plusle,플러시,0,154,4,70,0,20,2
312,Minun,마이농,0,155,4,70,0,20,2
313,Volbeat,볼비트,0,156,0,70,0,15,5
314,Illumise,네오비트,0,157,8,70,0,15,6
315,Roselia,로젤리아,406,158,4,70,0,20,4
316,Gulpin,꼴깍몬,0,159,4,70,0,20,6
317,Swalot,꿀꺽몬,316,159,4,70,0,20,6
318,Carvanha,샤프니아,0,160,4,35,0,20,1
319,Sharpedo,샤크니아,318,160,4,35,0,20,1
320,Wailmer,고래왕자,0,161,4,70,0,40,6
321,Wailord,고래왕,320,161,4,70,0,40,6
322,Numel,둔타,0,162,4,70,0,20,2
323,Camerupt,폭타,322,162,4,70,0,20,2
324,Torkoal,코터스,0,163,4,70,0,20,2
325,Spoink,피그점프,0,164,4,70,0,20,3
326,Grumpig,피그킹,325,164,4,70,0,20,3
327,Spinda,얼루기,0,165,4,70,0,15,3
328,Trapinch,톱치,0,166,4,70,0,20,4
329,Vibrava,비브라바,328,166,4,70,0,20,4
330,Flygon,플라이곤,329,166,4,70,0,20,4
331,Cacnea,선인왕,0,167,4,35,0,20,4
332,Cacturne,밤선인,331,167,4,35,0,20,4
333,Swablu,파비코,0,168,4,70,0,20,5
334,Altaria,파비코리,333,168,4,70,0,20,5
335,Zangoose,쟝고,0,169,4,70,0,20,5
336,Seviper,세비퍼,0,170,4,70,0,20,6
337,Lunatone,루나톤,0,171,-1,70,0,25,3
338,Solrock,솔록,0,172,-1,70,0,25,3
339,Barboach,미꾸리,0,173,4,70,0,20,2
340,Whiscash,메깅,339,173,4,70,0,20,2
341,Corphish,가재군,0,174,4,70,0,15,6
342,Crawdaunt,가재장군,341,174,4,70,0,15,6
343,Baltoy,오뚝군,0,175,-1,70,0,20,2
344,Claydol,점토도리,343,175,-1,70,0,20,2
345,Lileep,릴링,0,176,1,70,0,30,5
346,Cradily,릴리요,345,176,1,70,0,30,5
347,Anorith,아노딥스,0,177,1,70,0,30,5
348,Armaldo,아말도,347,177,1,70,0,30,5
349,Feebas,빈티나,0,178,4,70,0,20,5
350,Milotic,밀로틱,349,178,4,70,0,20,5
351,Castform,캐스퐁,0,179,4,70,0,25,2
352,Kecleon,켈리몬,0,180,4,70,0,20,4
353,Shuppet,어둠대신,0,181,4,35,0,25,3
354,Banette,다크펫,353,181,4,35,0,25,3
355,Duskull,해골몽,0,182,4,35,0,25,3
356,Dusclops,미라몽,355,182,4,35,0,25,3
357,Tropius,트로피우스,0,183,4,70,0,25,1
358,Chimecho,치렁,433,184,4,70,0,25,3
359,Absol,앱솔,0,185,4,35,0,25,4
360,Wynaut,마자,0,100,4,70,1,20,2
361,Snorunt,눈꼬마,0,186,4,70,0,20,2
362,Glalie,얼음귀신,361,186,4,70,0,20,2
363,Spheal,대굴레오,0,187,4,70,0,20,4
364,Sealeo,씨레오,363,187,4,70,0,20,4
365,Walrein,씨카이저,364,187,4,70,0,20,4
366,Clamperl,진주몽,0,188,4,70,0,20,5
367,Huntail,헌테일,366,188,4,70,0,20,5
368,Gorebyss,분홍장이,366,188,4,70,0,20,5
369,Relicanth,시라칸,0,189,1,70,0,40,1
370,Luvdisc,사랑동이,0,190,6,70,0,20,3
371,Bagon,아공이,0,191,4,35,0,40,1
372,Shelgon,쉘곤,371,191,4,35,0,40,1
373,Salamence,보만다,372,191,4,35,0,40,1
374,Beldum,메탕,0,192,-1,35,0,40,1
375,Metang,메탕구,374,192,-1,35,0,40,1
376,Metagross,메타그로스,375,192,-1,35,0,40,1
377,Regirock,레지락,0,193,-1,35,0,80,1
378,Regice,레지아이스,0,194,-1,35,0,80,1
379,Registeel,레지스틸,0,195,-1,35,0,80,1
380,Latias,라티아스,0,196,8,90,0,120,1
381,Latios,라티오스,0,197,0,90,0,120,1
382,Kyogre,가이오가,0,198,-1,0,0,120,1
383,Groudon,그란돈,0,199,-1,0,0,120,1
384,Rayquaza,레쿠쟈,0,200,-1,0,0,120,1
385,Jirachi,지라치,0,201,-1,100,0,120,1
386,Deoxys,테오키스,0,202,-1,0,0,120,1
387,Turtwig,모부기,0,203,1,70,0,20,4
388,Grotle,수풀부기,387,203,1,70,0,20,4
389,Torterra,토대부기,388,203,1,70,0,20,4
390,Chimchar,불꽃숭이,0,204,1,70,0,20,4
391,Monferno,파이숭이,390,204,1,70,0,20,4
392,Infernape,초염몽,391,204,1,70,0,20,4
393,Piplup,팽도리,0,205,1,70,0,20,4
394,Prinplup,팽태자,393,205,1,70,0,20,4
395,Empoleon,엠페르트,394,205,1,70,0,20,4
396,Starly,찌르꼬,0,206,4,70,0,15,4
397,Staravia,찌르버드,396,206,4,70,0,15,4
398,Staraptor,찌르호크,397,206,4,70,0,15,4
399,Bidoof,비버니,0,207,4,70,0,15,2
400,Bibarel,비버통,399,207,4,70,0,15,2
401,Kricketot,귀뚤뚜기,0,208,4,70,0,15,4
402,Kricketune,귀뚤톡크,401,208,4,70,0,15,4
403,Shinx,꼬링크,0,209,4,70,0,20,4
404,Luxio,럭시오,403,209,4,100,0,20,4
405,Luxray,렌트라,404,209,4,70,0,20,4
406,Budew,꼬몽울,0,158,4,70,1,20,4
407,Roserade,로즈레이드,315,158,4,70,0,20,4
408,Cranidos,두개도스,0,211,1,70,0,30,5
409,Rampardos,램펄드,408,211,1,70,0,30,5
410,Shieldon,방패톱스,0,212,1,70,0,30,5
411,Bastiodon,바리톱스,410,212,1,70,0,30,5
412,Burmy,도롱충이,0,213,4,70,0,15,2
413,Wormadam,도롱마담,412,213,8,70,0,15,2
414,Mothim,나메일,412,213,0,70,0,15,2
415,Combee,세꿀버리,0,214,1,70,0,15,4
416,Vespiquen,비퀸,415,214,8,70,0,15,4
417,Pachirisu,파치리스,0,215,4,100,0,10,2
418,Buizel,브이젤,0,216,4,70,0,20,2
419,Floatzel,플로젤,418,216,4,70,0,20,2
420,Cherubi,체리버,0,217,4,70,0,20,2
421,Cherrim,체리꼬,420,217,4,70,0,20,2
422,Shellos,깝질무,0,218,4,70,0,20,2
423,Gastrodon,트리토돈,422,218,4,70,0,20,2
424,Ambipom,겟핸보숭,190,93,4,100,0,20,3
425,Drifloon,흔들풍손,0,219,4,70,0,30,6
426,Drifblim,둥실라이드,425,219,4,70,0,30,6
427,Buneary,이어롤,0,220,4,0,0,20,2
428,Lopunny,이어롭,427,220,4,140,0,20,2
429,Mismagius,무우마직,200,98,4,35,0,25,3
430,Honchkrow,돈크로우,198,97,4,35,0,20,4
431,Glameow,나옹마,0,221,6,70,0,20,3
432,Purugly,몬냥이,431,221,6,70,0,20,3
433,Chingling,랑딸랑,0,184,4,70,1,25,3
434,Stunky,스컹뿡,0,223,4,70,0,20,2
435,Skuntank,스컹탱크,434,223,4,70,0,20,2
436,Bronzor,동미러,0,224,-1,70,0,20,2
437,Bronzong,동탁군,436,224,-1,70,0,20,2
438,Bonsly,꼬지지,0,91,4,70,1,20,2
439,Mime Jr.,흉내내,0,57,4,70,1,25,2
440,Happiny,핑복,0,51,8,140,1,40,3
441,Chatot,페라페,0,228,4,35,0,20,4
442,Spiritomb,화강돌,0,229,4,70,0,30,2
443,Gible,딥상어동,0,230,4,70,0,40,1
444,Gabite,한바이트,443,230,4,70,0,40,1
445,Garchomp,한카리아스,444,230,4,70,0,40,1
446,Munchlax,먹고자,0,72,1,70,1,40,1
447,Riolu,리오르,0,232,1,70,1,25,4
448,Lucario,루카리오,447,232,1,70,0,25,4
449,Hippopotas,히포포타스,0,233,4,70,0,30,1
450,Hippowdon,하마돈,449,233,4,70,0,30,1
451,Skorupi,스콜피,0,234,4,70,0,20,1
452,Drapion,드래피온,451,234,4,70,0,20,1
453,Croagunk,삐딱구리,0,235,4,100,0,10,2
454,Toxicroak,독개굴,453,235,4,70,0,20,2
455,Carnivine,무스틈니,0,236,4,70,0,25,1
456,Finneon,형광어,0,237,4,70,0,20,5
457,Lumineon,네오라이트,456,237,4,70,0,20,5
458,Mantyke,타만타,0,116,4,70,1,25,1
459,Snover,눈쓰개,0,239,4,70,0,20,1
460,Abomasnow,눈설왕,459,239,4,70,0,20,1
461,Weavile,포푸니라,215,109,4,35,0,20,4
462,Magnezone,자포코일,82,34,-1,70,0,20,2
463,Lickilicky,내룸벨트,108,48,4,70,0,20,2
464,Rhyperior,거대코뿌리,112,50,4,70,0,20,1
465,Tangrowth,덩쿠림보,114,52,4,70,0,20,2
466,Electivire,에레키블,125,60,2,70,0,25,2
467,Magmortar,마그마번,126,61,2,70,0,25,2
468,Togekiss,토게키스,176,87,1,70,0,10,3
469,Yanmega,메가자리,193,95,4,70,0,20,2
470,Leafeon,리피아,133,67,1,35,0,35,2
471,Glaceon,글레이시아,133,67,1,35,0,35,2
472,Gliscor,글라이온,207,104,4,70,0,20,4
473,Mamoswine,맘모꾸리,221,112,4,70,0,20,1
474,Porygon-Z,폴리곤Z,233,68,-1,70,0,20,2
475,Gallade,엘레이드,281,140,0,35,0,20,1
476,Probopass,대코파스,299,147,4,70,0,20,2
477,Dusknoir,야느와르몽,356,182,4,35,0,25,3
478,Froslass,눈여아,361,186,8,70,0,20,2
479,Rotom,로토무,0,240,-1,70,0,20,2
480,Uxie,유크시,0,241,-1,140,0,80,1
481,Mesprit,엠라이트,0,242,-1,140,0,80,1
482,Azelf,아그놈,0,243,-1,140,0,80,1
483,Dialga,디아루가,0,244,-1,0,0,120,1
484,Palkia,펄기아,0,245,-1,0,0,120,1
485,Heatran,히드런,0,246,4,100,0,10,1
486,Regigigas,레지기가스,0,247,-1,0,0,120,1
487,Giratina,기라티나,0,248,-1,0,0,120,1
488,Cresselia,크레세리아,0,249,8,100,0,120,1
489,Phione,피오네,0,250,-1,70,0,40,1
490,Manaphy,마나피,0,250,-1,70,0,10,1
491,Darkrai,다크라이,0,252,-1,0,0,120,1
492,Shaymin,쉐이미,0,253,-1,100,0,120,4
493,Arceus,아르세우스,0,254,-1,0,0,120,1
494,Victini,비크티니,0,255,-1,100,0,120,1
495,Snivy,주리비얀,0,256,1,70,0,20,4
496,Servine,샤비,495,256,1,70,0,20,4
497,Serperior,샤로다,496,256,1,70,0,20,4
498,Tepig,뚜꾸리,0,257,1,70,0,20,4
499,Pignite,차오꿀,498,257,1,70,0,20,4
500,Emboar,염무왕,499,257,1,70,0,20,4
501,Oshawott,수댕이,0,258,1,70,0,20,4
502,Dewott,쌍검자비,501,258,1,70,0,20,4
503,Samurott,대검귀,502,258,1,70,0,20,4
504,Patrat,보르쥐,0,259,4,70,0,15,2
505,Watchog,보르그,504,259,4,70,0,20,2
506,Lillipup,요테리,0,260,4,70,0,15,4
507,Herdier,하데리어,506,260,4,70,0,15,4
508,Stoutland,바랜드,507,260,4,70,0,15,4
509,Purrloin,쌔비냥,0,261,4,70,0,20,2
510,Liepard,레파르다스,509,261,4,70,0,20,2
511,Pansage,야나프,0,262,1,70,0,20,2
512,Simisage,야나키,511,262,1,70,0,20,2
513,Pansear,바오프,0,263,1,70,0,20,2
514,Simisear,바오키,513,263,1,70,0,20,2
515,Panpour,앗차프,0,264,1,70,0,20,2
516,Simipour,앗차키,515,264,1,70,0,20,2
517,Munna,몽나,0,265,4,70,0,10,3
518,Musharna,몽얌나,517,265,4,70,0,10,3
519,Pidove,콩둘기,0,266,4,70,0,15,4
520,Tranquill,유토브,519,266,4,70,0,15,4
521,Unfezant,켄호로우,520,266,4,70,0,15,4
522,Blitzle,줄뮤마,0,267,4,70,0,20,2
523,Zebstrika,제브라이카,522,267,4,70,0,20,2
524,Roggenrola,단굴,0,268,4,70,0,15,4
525,Boldore,암트르,524,268,4,70,0,15,4
526,Gigalith,기가이어스,525,268,4,70,0,15,4
527,Swoobat,맘박쥐,0,269,4,70,0,15,2
528,Woobat,또르박쥐,527,269,4,70,0,15,2
529,Drilbur,두더류,0,270,4,70,0,20,2
530,Excadrill,몰드류,529,270,4,70,0,20,2
531,Audino,다부니,0,271,4,70,0,20,3
532,Timburr,으랏차,0,272,2,70,0,20,4
533,Gurdurr,토쇠골,532,272,2,70,0,20,4
534,Conkeldurr,노보청,533,272,2,70,0,20,4
535,Tympole,동챙이,0,273,4,70,0,20,4
536,Palpitoad,두까비,535,273,4,70,0,20,4
537,Seismitoad,두빅굴,536,273,4,70,0,20,4
538,Throh,던지미,0,274,0,70,0,20,2
539,Sawk,타격귀,0,275,0,70,0,20,2
540,Sewaddle,두르보,0,276,4,70,0,15,4
541,Swadloon,두르쿤,540,276,4,70,0,15,4
542,Leavanny,모아머,541,276,4,70,0,15,4
543,Venipede,마디네,0,277,4,70,0,15,4
544,Whirlipede,휠구,543,277,4,70,0,15,4
545,Scolipede,펜드라,544,277,4,70,0,20,4
546,Cottonee,소미안,0,278,4,70,0,20,2
547,Whimsicott,엘풍,546,278,4,70,0,20,2
548,Petilil,치릴리,0,279,8,70,0,20,2
549,Lilligant,드레디어,548,279,8,70,0,20,2
550,Basculin,배쓰나이,0,280,4,70,0,40,2
551,Sandile,깜눈크,0,281,4,70,0,20,4
552,Krokorok,악비르,551,281,4,70,0,20,4
553,Krookodile,악비아르,552,281,4,70,0,20,4
554,Darumaka,달막화,0,282,4,70,0,20,4
555,Darmanitan,불비달마,554,282,4,70,0,20,4
556,Maractus,마라카치,0,283,4,70,0,20,2
557,Dwebble,돌살이,0,284,4,70,0,20,2
558,Crustle,암팰리스,557,284,4,70,0,20,2
559,Scraggy,곤율랭,0,285,4,35,0,15,2
560,Scrafty,곤율거니,559,285,4,70,0,15,2
561,Sigilyph,심보러,0,286,4,70,0,20,2
562,Yamask,데스마스,0,287,4,70,0,25,2
563,Cofagrigus,데스니칸,562,287,4,70,0,25,2
564,Tirtouga,프로토가,0,288,1,70,0,30,2
565,Carracosta,늑골라,564,288,1,70,0,30,2
566,Archen,아켄,0,289,1,70,0,30,2
567,Archeops,아케오스,566,289,1,70,0,30,2
568,Trubbish,깨봉이,0,290,4,70,0,20,2
569,Garbodor,더스트나,568,290,4,70,0,20,2
570,Zorua,조로아,0,291,1,70,0,25,4
571,Zoroark,조로아크,570,291,1,70,0,20,4
572,Minccino,치라미,0,292,6,70,0,15,3
573,Cinccino,치라치노,572,292,6,70,0,15,3
574,Gothita,고디탱,0,293,6,70,0,20,4
575,Gothorita,고디보미,574,293,6,70,0,20,4
576,Gothitelle,고디모아젤,575,293,6,70,0,20,4
577,Solosis,유니란,0,294,4,70,0,20,4
578,Duosion,듀란,577,294,4,70,0,20,4
579,Reuniclus,란쿨루스,578,294,4,70,0,20,4
580,Ducklett,꼬지보리,0,295,4,70,0,20,2
581,Swanna,스완나,580,295,4,70,0,20,2
582,Vanillite,바닐프티,0,296,4,70,0,20,1
583,Vanillish,바닐리치,582,296,4,70,0,20,1
584,Vanilluxe,배바닐라,583,296,4,70,0,20,1
585,Deerling,사철록,0,297,4,70,0,20,2
586,Sawsbuck,바라철록,585,297,4,70,0,20,2
587,Emolga,에몽가,0,298,4,70,0,20,2
588,Karrablast,딱정곤,0,299,4,70,0,15,2
589,Escavalier,슈바르고,588,299,4,70,0,15,2
590,Foongus,깜놀버슬,0,300,4,70,0,20,2
591,Amoonguss,뽀록나,590,300,4,70,0,20,2
592,Frillish,탱그릴,0,301,4,70,0,20,2
593,Jellicent,탱탱겔,592,301,4,70,0,20,2
594,Alomomola,맘복치,0,302,4,70,0,40,3
595,Joltik,파쪼옥,0,303,4,70,0,20,2
596,Galvantula,전툴라,595,303,4,70,0,20,2
597,Ferroseed,철시드,0,304,4,70,0,20,2
598,Ferrothorn,너트령,597,304,4,70,0,20,2
599,Klink,기어르,0,305,-1,70,0,20,4
600,Klang,기기어르,599,305,-1,70,0,20,4
601,Klinklang,기기기어르,600,305,-1,70,0,20,4
602,Tynamo,저리어,0,306,4,70,0,20,1
603,Eelektrik,저리릴,602,306,4,70,0,20,1
604,Eelektross,저리더프,603,306,4,70,0,20,1
605,Elgyem,리그레,0,307,4,70,0,20,2
606,Beheeyem,벰크,605,307,4,70,0,20,2
607,Litwick,불켜미,0,308,4,70,0,20,4
608,Lampent,램프라,607,308,4,70,0,20,4
609,Chandelure,샹델라,608,308,4,70,0,20,4
610,Axew,터검니,0,309,4,35,0,40,1
611,Fraxure,액슨도,610,309,4,35,0,40,1
612,Haxorus,액스라이즈,611,309,4,35,0,40,1
613,Cubchoo,코고미,0,310,4,70,0,20,2
614,Beartic,툰베어,613,310,4,70,0,20,2
615,Cryogonal,프리지오,0,311,-1,70,0,25,2
616,Shelmet,쪼마리,0,312,4,70,0,15,2
617,Accelgor,어지리더,616,312,4,70,0,15,2
618,Stunfisk,메더,0,313,4,70,0,20,2
619,Mienfoo,비조푸,0,314,4,70,0,25,4
620,Mienshao,비조도,619,314,4,70,0,25,4
621,Druddigon,크리만,0,315,4,70,0,30,2
622,Golett,골비람,0,316,-1,70,0,25,2
623,Golurk,골루그,622,316,-1,70,0,25,2
624,Pawniard,자망칼,0,317,4,35,0,20,2
625,Bisharp,절각참,624,317,4,35,0,20,2
626,Bouffalant,버프론,0,318,4,70,0,20,2
627,Rufflet,수리둥보,0,319,0,70,0,20,1
628,Braviary,워글,627,319,0,70,0,20,1
629,Vullaby,벌차이,0,320,8,35,0,20,1
630,Mandibuzz,버랜지나,629,320,8,35,0,20,1
631,Heatmor,앤티골,0,321,4,70,0,20,2
632,Durant,아이앤트,0,322,4,70,0,20,2
633,Deino,모노두,0,323,4,35,0,40,1
634,Zweilous,디헤드,633,323,4,35,0,40,1
635,Hydreigon,삼삼드래,634,323,4,35,0,40,1
636,Larvesta,활화르바,0,324,4,70,0,40,1
637,Volcarona,불카모스,636,324,4,70,0,40,1
638,Cobalion,코바르온,0,325,-1,35,0,80,1
639,Terrakion,테라키온,0,326,-1,35,0,80,1
640,Virizion,비리디온,0,327,-1,35,0,80,1
641,Tornadus,토네로스,0,328,0,90,0,120,1
642,Thundurus,볼트로스,0,329,0,90,0,120,1
643,Reshiram,레시라무,0,330,-1,0,0,120,1
644,Zekrom,제크로무,0,331,-1,0,0,120,1
645,Landorus,랜드로스,0,332,0,90,0,120,1
646,Kyurem,큐레무,0,333,-1,0,0,120,1
647,Keldeo,케르디오,0,334,-1,35,0,80,1
648,Meloetta,메로엣타,0,335,-1,100,0,120,1
649,Genesect,게노세크트,0,336,-1,0,0,120,1
650,Chespin,도치마론,0,337,1,70,0,20,4
651,Quilladin,도치보구,650,337,1,70,0,20,4
652,Chesnaught,브리가론,651,337,1,70,0,20,4
653,Fennekin,푸호꼬,0,338,1,70,0,20,4
654,Braixen,테르나,653,338,1,70,0,20,4
655,Delphox,마폭시,654,338,1,70,0,20,4
656,Froakie,개구마르,0,339,1,70,0,20,4
657,Frogadier,개굴반장,656,339,1,70,0,20,4
658,Greninja,개굴닌자,657,339,1,70,0,20,4
659,Bunnelby,파르빗,0,340,4,70,0,15,2
660,Diggersby,파르토,659,340,4,70,0,15,2
661,Fletchling,화살꼬빈,0,341,4,70,0,15,4
662,Fletchinder,불화살빈,661,341,4,70,0,15,4
663,Talonflame,파이어로,662,341,4,70,0,15,4
664,Scatterbug,분이벌레,0,342,4,70,0,15,2
665,Spewpa,분떠도리,664,342,4,70,0,15,2
666,Vivillon,비비용,665,342,4,70,0,15,2
667,Litleo,레오꼬,0,343,7,70,0,20,4
668,Pyroar,화염레오,667,343,7,70,0,20,4
669,Flabébé,플라베베,0,344,8,70,0,20,2
670,Floette,플라엣테,669,344,8,70,0,20,2
671,Florges,플라제스,670,344,8,70,0,20,2
672,Skiddo,메이클,0,345,4,70,0,20,2
673,Gogoat,고고트,672,345,4,70,0,20,2
674,Pancham,판짱,0,346,4,70,0,25,2
675,Pangoro,부란다,674,346,4,70,0,25,2
676,Furfrou,트리미앙,0,347,4,70,0,20,2
677,Espurr,냐스퍼,0,348,4,70,0,20,2
678,Meowstic,냐오닉스,677,348,4,70,0,20,2
679,Honedge,단칼빙,0,349,4,70,0,20,2
680,Doublade,쌍검킬,679,349,4,70,0,20,2
681,Aegislash,킬가르도,680,349,4,70,0,20,2
682,Spritzee,슈쁘,0,350,4,70,0,20,2
683,Aromatisse,프레프티르,682,350,4,70,0,20,2
684,Swirlix,나룸퍼프,0,351,4,70,0,20,2
685,Slurpuff,나루림,684,351,4,70,0,20,2
686,Inkay,오케이징,0,352,4,70,0,20,2
687,Malamar,칼라마네로,686,352,4,70,0,20,2
688,Binacle,거북손손,0,353,4,70,0,20,2
689,Barbaracle,거북손데스,688,353,4,70,0,20,2
690,Skrelp,수레기,0,354,4,70,0,20,2
691,Dragalge,드래캄,690,354,4,70,0,20,2
692,Clauncher,완철포,0,355,4,70,0,15,1
693,Clawitzer,블로스터,692,355,4,70,0,15,1
694,Helioptile,목도리키텔,0,356,4,70,0,20,2
695,Heliolisk,일레도리자드,694,356,4,70,0,20,2
696,Tyrunt,티고라스,0,357,1,70,0,30,2
697,Tyrantrum,견고라스,696,357,1,70,0,30,2
698,Amaura,아마루스,0,358,1,70,0,30,2
699,Aurorus,아마루르가,698,358,1,70,0,30,2
700,Sylveon,님피아,133,67,1,70,0,35,2
701,Hawlucha,루차불,0,359,4,70,0,20,2
702,Dedenne,데덴네,0,360,4,70,0,20,2
703,Carbink,멜리시,0,361,-1,70,0,25,1
704,Goomy,미끄메라,0,362,4,35,0,40,1
705,Sliggoo,미끄네일,704,362,4,35,0,40,1
706,Goodra,미끄래곤,705,362,4,35,0,40,1
707,Klefki,클레피,0,363,4,70,0,20,3
708,Phantump,나목령,0,364,4,70,0,20,2
709,Trevenant,대로트,708,364,4,70,0,20,2
710,Pumpkaboo,호바귀,0,365,4,70,0,20,2
711,Gourgeist,펌킨인,710,365,4,70,0,20,2
712,Bergmite,꽁어름,0,366,4,70,0,20,2
713,Avalugg,크레베이스,712,366,4,70,0,20,2
714,Noibat,음뱃,0,367,4,70,0,20,2
715,Noivern,음번,714,367,4,70,0,20,2
716,Xerneas,제르네아스,0,368,-1,0,0,120,1
717,Yveltal,이벨타르,0,369,-1,0,0,120,1
718,Zygarde,지가르데,0,370,-1,0,0,120,1
719,Diancie,디안시,0,371,-1,70,0,25,1
720,Hoopa,후파,0,372,-1,100,0,120,1
721,Volcanion,볼케니온,0,373,-1,100,0,120,1
722,Rowlet,나몰빼미,0,374,1,70,0,15,4
723,Dartrix,빼미스로우,722,374,1,70,0,15,4
724,Decidueye,모크나이퍼,723,374,1,70,0,15,4
725,Litten,냐오불,0,375,1,70,0,15,4
726,Torracat,냐오히트,725,375,1,70,0,15,4
727,Incineroar,어흥염,726,375,1,70,0,15,4
728,Popplio,누리공,0,376,1,70,0,15,4
729,Brionne,키요공,728,376,1,70,0,15,4
730,Primarina,누리레느,729,376,1,70,0,15,4
731,Pikipek,콕코구리,0,377,4,70,0,15,2
732,Trumbeak,크라파,731,377,4,70,0,15,2
733,Toucannon,왕큰부리,732,377,4,70,0,15,2
734,Yungoos,영구스,0,378,4,70,0,15,2
735,Gumshoos,형사구스,734,378,4,70,0,15,2
736,Grubbin,턱지충이,0,379,4,70,0,15,2
737,Charjabug,전지충이,736,379,4,70,0,15,2
738,Vikavolt,투구뿌논,737,379,4,70,0,15,2
739,Crabrawler,오기지게,0,380,4,70,0,20,2
740,Crabominable,모단단게,739,380,4,70,0,20,2
741,Oricorio,춤추새,0,381,6,70,0,20,2
742,Cutiefly,에블리,0,382,4,70,0,20,2
743,Ribombee,에리본,742,382,4,70,0,20,2
744,Rockruff,암멍이,0,383,4,70,0,15,2
745,Lycanroc,루가루암,744,383,4,70,0,15,2
746,Wishiwashi,약어리,0,384,4,70,0,15,3
747,Mareanie,시마사리,0,385,4,70,0,20,2
748,Toxapex,더시마사리,747,385,4,70,0,20,2
749,Mudbray,머드나기,0,386,4,70,0,20,2
750,Mudsdale,만마드,749,386,4,70,0,20,2
751,Dewpider,물거미,0,387,4,70,0,15,2
752,Araquanid,깨비물거미,751,387,4,70,0,15,2
753,Fomantis,짜랑랑,0,388,4,70,0,20,2
754,Lurantis,라란티스,753,388,4,70,0,20,2
755,Morelull,자마슈,0,389,4,70,0,20,2
756,Shiinotic,마셰이드,755,389,4,70,0,20,2
757,Salandit,야도뇽,0,390,1,70,0,20,2
758,Salazzle,염뉴트,757,390,8,70,0,20,2
759,Stufful,포곰곰,0,391,4,70,0,15,2
760,Bewear,이븐곰,759,391,4,70,0,15,2
761,Bounsweet,달콤아,0,392,8,70,0,20,4
762,Steenee,달무리나,761,392,8,70,0,20,4
763,Tsareena,달코퀸,762,392,8,70,0,20,4
764,Comfey,큐아링,0,393,6,70,0,20,3
765,Oranguru,하랑우탄,0,394,4,70,0,20,1
766,Passimian,내던숭이,0,395,4,70,0,20,1
767,Wimpod,꼬시레,0,396,4,70,0,20,2
768,Golisopod,갑주무사,767,396,4,70,0,20,2
769,Sandygast,모래꿍,0,397,4,70,0,15,2
770,Palossand,모래성이당,769,397,4,70,0,15,2
771,Pyukumuku,해무기,0,398,4,70,0,15,3
772,Type: Null,타입:널,0,399,-1,0,0,120,1
773,Silvally,실버디,772,399,-1,0,0,120,1
774,Minior,메테노,0,400,-1,70,0,25,4
775,Komala,자말라,0,401,4,70,0,20,1
776,Turtonator,폭거북스,0,402,4,70,0,20,2
777,Togedemaru,토게데마루,0,403,4,70,0,10,2
778,Mimikyu,따라큐,0,404,4,70,0,20,2
779,Bruxish,치갈기,0,405,4,70,0,15,2
780,Drampa,할비롱,0,406,4,70,0,20,2
781,Dhelmise,타타륜,0,407,-1,70,0,25,2
782,Jangmo-o,짜랑꼬,0,408,4,70,0,40,1
783,Hakamo-o,짜랑고우,782,408,4,70,0,40,1
784,Kommo-o,짜랑고우거,783,408,4,70,0,40,1
785,Tapu Koko,카푸꼬꼬꼭,0,409,-1,70,0,15,1
786,Tapu Lele,카푸나비나,0,410,-1,70,0,15,1
787,Tapu Bulu,카푸브루루,0,411,-1,70,0,15,1
788,Tapu Fini,카푸느지느,0,412,-1,70,0,15,1
789,Cosmog,코스모그,0,413,-1,0,0,120,1
790,Cosmoem,코스모움,789,413,-1,0,0,120,1
791,Solgaleo,솔가레오,790,413,-1,0,0,120,1
792,Lunala,루나아라,790,413,-1,0,0,120,1
793,Nihilego,텅비드,0,414,-1,0,0,120,1
794,Buzzwole,매시붕,0,415,-1,0,0,120,1
795,Pheromosa,페로코체,0,416,-1,0,0,120,1
796,Xurkitree,전수목,0,417,-1,0,0,120,1
797,Celesteela,철화구야,0,418,-1,0,0,120,1
798,Kartana,종이신도,0,419,-1,0,0,120,1
799,Guzzlord,악식킹,0,420,-1,0,0,120,1
800,Necrozma,네크로즈마,0,421,-1,0,0,120,1
801,Magearna,마기아나,0,422,-1,0,0,120,1
802,Marshadow,마샤도,0,423,-1,0,0,120,1
803,Poipole,베베놈,0,424,-1,0,0,120,1
804,Naganadel,아고용,803,424,-1,0,0,120,1
805,Stakataka,차곡차곡,0,425,-1,0,0,120,1
806,Blacephalon,두파팡,0,426,-1,0,0,120,1
807,Zeraora,제라오라,0,427,-1,0,0,120,1
808,Meltan,멜탄,0,428,-1,0,0,120,1
809,Melmetal,멜메탈,808,429,-1,0,0,120,1
810,Grookey,흥나숭,0,430,1,50,0,20,4
811,Thwackey,채키몽,810,430,1,50,0,20,4
812,Rillaboom,고릴타,811,430,1,50,0,20,4
813,Scorbunny,염버니,0,431,1,50,0,20,4
814,Raboot,래비풋,813,431,1,50,0,20,4
815,Cinderace,에이스번,814,431,1,50,0,20,4
816,Sobble,울머기,0,432,1,50,0,20,4
817,Drizzile,누겔레온,816,432,1,50,0,20,4
818,Inteleon,인텔리레온,817,432,1,50,0,20,4
819,Skwovet,탐리스,0,433,4,50,0,20,2
820,Greedent,요씽리스,819,433,4,50,0,20,2
821,Rookidee,파라꼬,0,434,4,50,0,15,4
822,Corvisquire,파크로우,821,434,4,50,0,15,4
823,Corviknight,아머까오,822,434,4,50,0,15,4
824,Blipbug,두루지벌레,0,435,4,50,0,15,2
825,Dottler,레돔벌레,824,435,4,50,0,15,2
826,Orbeetle,이올브,825,435,4,50,0,15,2
827,Nickit,훔처우,0,436,4,50,0,15,3
828,Thievul,폭슬라이,827,436,4,50,0,15,3
829,Gossifleur,꼬모카,0,437,4,50,0,20,2
830,Eldegoss,백솜모카,829,437,4,50,0,20,2
831,Wooloo,우르,0,438,4,50,0,15,2
832,Dubwool,배우르,831,438,4,50,0,15,2
833,Chewtle,깨물부기,0,439,4,50,0,20,2
834,Drednaw,갈가부기,833,439,4,50,0,20,2
835,Yamper,멍파치,0,440,4,50,0,20,3
836,Boltund,펄스멍,835,440,4,50,0,20,3
837,Rolycoly,탄동,0,441,4,50,0,15,4
838,Carkol,탄차곤,837,441,4,50,0,15,4
839,Coalossal,석탄산,838,441,4,50,0,15,4
840,Applin,과사삭벌레,0,442,4,50,0,20,5
841,Flapple,애프룡,840,442,4,50,0,20,5
842,Appletun,단지래플,840,442,4,50,0,20,5
843,Silicobra,모래뱀,0,443,4,50,0,20,2
844,Sandaconda,사다이사,843,443,4,50,0,20,2
845,Cramorant,윽우지,0,444,4,50,0,20,2
846,Arrokuda,찌로꼬치,0,445,4,50,0,20,1
847,Barraskewda,꼬치조,846,445,4,50,0,20,1
848,Toxel,일레즌,0,446,4,50,1,25,4
849,Toxtricity,스트린더,848,446,4,50,0,25,4
850,Sizzlipede,태우지네,0,447,4,50,0,20,2
851,Centiskorch,다태우지네,850,447,4,50,0,20,2
852,Clobbopus,때때무노,0,448,4,50,0,25,4
853,Grapploct,케오퍼스,852,448,4,50,0,25,4
854,Sinistea,데인차,0,449,-1,50,0,20,2
855,Polteageist,포트데스,854,449,-1,50,0,20,2
856,Hatenna,몸지브림,0,450,8,50,0,20,1
857,Hattrem,손지브림,856,450,8,50,0,20,1
858,Hatterene,브리무음,857,450,8,50,0,20,1
859,Impidimp,메롱꿍,0,451,0,50,0,20,2
860,Morgrem,쏘겨모,859,451,0,50,0,20,2
861,Grimmsnarl,오롱털,860,451,0,50,0,20,2
862,Obstagoon,가로막구리,264,134,4,50,0,15,2
863,Perrserker,나이킹,52,22,4,50,0,20,2
864,Cursola,산호르곤,222,113,6,50,0,20,3
865,Sirfetch'd,창파나이트,83,35,4,50,0,20,2
866,Mr. Rime,마임꽁꽁,122,57,4,50,0,25,2
867,Runerigus,데스판,562,287,4,50,0,25,2
868,Milcery,마빌크,0,452,8,50,0,20,2
869,Alcremie,마휘핑,868,452,8,50,0,20,2
870,Falinks,대여르,0,453,-1,50,0,25,2
871,Pincurchin,찌르성게,0,454,4,50,0,20,2
872,Snom,누니머기,0,455,4,50,0,20,2
873,Frosmoth,모스노우,872,455,4,50,0,20,2
874,Stonjourner,돌헨진,0,456,4,50,0,25,1
875,Eiscue,빙큐보,0,457,4,50,0,25,1
876,Indeedee,에써르,0,458,4,140,0,40,3
877,Morpeko,모르페코,0,459,4,50,0,10,2
878,Cufant,끼리동,0,460,4,50,0,25,2
879,Copperajah,대왕끼리동,878,460,4,50,0,25,2
880,Dracozolt,파치래곤,0,461,-1,50,0,35,1
881,Arctozolt,파치르돈,0,462,-1,50,0,35,1
882,Dracovish,어래곤,0,463,-1,50,0,35,1
883,Arctovish,어치르돈,0,464,-1,50,0,35,1
884,Duraludon,두랄루돈,0,465,4,50,0,30,2
885,Dreepy,드라꼰,0,466,4,50,0,40,1
886,Drakloak,드래런치,885,466,4,50,0,40,1
887,Dragapult,드래펄트,886,466,4,50,0,40,1
888,Zacian,자시안,0,467,-1,0,0,120,1
889,Zamazenta,자마젠타,0,468,-1,0,0,120,1
890,Eternatus,무한다이노,0,469,-1,0,0,120,1
891,Kubfu,치고마,0,470,1,50,0,120,1
892,Urshifu,우라오스,891,470,1,50,0,120,1
893,Zarude,자루도,0,471,-1,0,0,120,1
894,Regieleki,레지에레키,0,472,-1,35,0,120,1
895,Regidrago,레지드래고,0,473,-1,35,0,120,1
896,Glastrier,블리자포스,0,474,-1,35,0,120,1
897,Spectrier,레이스포스,0,475,-1,35,0,120,1
898,Calyrex,버드렉스,0,476,-1,100,0,120,1
899,Wyrdeer,신비록,234,120,4,50,0,20,1
900,Kleavor,사마자르,123,58,4,50,0,20,2
901,Ursaluna,다투곰,217,110,4,50,0,20,2
902,Basculegion,대쓰여너,550,280,4,50,0,20,2
903,Sneasler,포푸니크,215,109,4,50,0,20,4
904,Overqwil,장침바루,211,106,4,50,0,20,2
905,Enamorus,러브로스,0,477,8,50,0,20,1
906,Sprigatito,나오하,0,478,1,50,0,20,4
907,Floragato,나로테,906,478,1,50,0,20,4
908,Meowscarada,마스카나,907,478,1,50,0,20,4
909,Fuecoco,뜨아거,0,479,1,50,0,20,4
910,Crocalor,악뜨거,909,479,1,50,0,20,4
911,Skeledirge,라우드본,910,479,1,50,0,20,4
912,Quaxly,꾸왁스,0,480,1,50,0,20,4
913,Quaxwell,아꾸왁,912,480,1,50,0,20,4
914,Quaquaval,웨이니발,913,480,1,50,0,20,4
915,Lechonk,맛보돈,0,481,4,50,0,15,2
916,Oinkologne,퍼퓨돈,915,481,0,50,0,15,2
917,Tarountula,타랜툴라,0,482,4,50,0,15,5
918,Spidops,트래피더,917,482,4,50,0,15,5
919,Nymble,콩알뚜기,0,483,4,20,0,20,2
920,Lokix,엑스레그,919,483,4,0,0,20,2
921,Pawmi,빠모,0,484,4,50,0,15,2
922,Pawmo,빠모트,921,484,4,50,0,15,2
923,Pawmot,빠르모트,922,484,4,50,0,15,2
924,Tandemaus,두리쥐,0,485,-1,50,0,10,3
925,Maushold,파밀리쥐,924,485,-1,50,0,10,3
926,Fidough,쫀도기,0,486,4,50,0,20,4
927,Dachsbun,바우첼,926,486,4,50,0,20,4
928,Smoliv,미니브,0,487,4,50,0,20,4
929,Dolliv,올리뇨,928,487,4,50,0,20,4
930,Arboliva,올리르바,929,487,4,50,0,20,4
931,Squawkabilly,시비꼬,0,488,4,50,0,15,5
932,Nacli,베베솔트,0,489,4,50,0,20,4
933,Naclstack,스태솔트,932,489,4,50,0,20,4
934,Garganacl,콜로솔트,933,489,4,50,0,20,4
935,Charcadet,카르본,0,490,4,50,0,35,1
936,Armarouge,카디나르마,935,490,4,20,0,35,1
937,Ceruledge,파라블레이즈,935,490,4,20,0,35,1
938,Tadbulb,빈나두,0,491,4,50,0,20,2
939,Bellibolt,찌리배리,938,491,4,50,0,20,2
940,Wattrel,찌리비,0,492,4,50,0,20,4
941,Kilowattrel,찌리비크,940,492,4,50,0,20,4
942,Maschiff,오라티프,0,493,4,50,0,20,4
943,Mabosstiff,마피티프,942,493,4,50,0,20,4
944,Shroodle,땃쭈르,0,494,4,50,0,20,4
945,Grafaiai,태깅구르,944,494,4,50,0,20,4
946,Bramblin,그푸리,0,495,4,50,0,20,2
947,Brambleghast,공푸리,946,495,4,50,0,20,2
948,Toedscool,들눈해,0,496,4,50,0,20,4
949,Toedscruel,육파리,948,496,4,50,0,20,4
950,Klawf,절벼게,0,497,4,50,0,35,2
951,Capsakid,캡싸이,0,498,4,50,0,20,2
952,Scovillain,스코빌런,951,498,4,50,0,20,2
953,Rellor,구르데,0,499,4,50,0,20,3
954,Rabsca,베라카스,953,499,4,50,0,20,3
955,Flittle,하느라기,0,500,4,50,0,20,4
956,Espathra,클레스퍼트라,955,500,4,50,0,20,4
957,Tinkatink,어리짱,0,501,8,50,0,20,4
958,Tinkatuff,벼리짱,957,501,8,50,0,20,4
959,Tinkaton,두드리짱,958,501,8,50,0,20,4
960,Wiglett,바다그다,0,502,4,50,0,20,2
961,Wugtrio,바닥트리오,960,502,4,50,0,20,2
962,Bombirdier,떨구새,0,503,4,50,0,35,1
963,Finizen,맨돌핀,0,504,4,50,0,40,1
964,Palafin,돌핀맨,963,504,4,50,0,40,1
965,Varoom,부르롱,0,505,4,50,0,20,2
966,Revavroom,부르르룸,965,505,4,50,0,20,2
967,Cyclizar,모토마,0,506,4,50,0,30,4
968,Orthworm,꿈트렁,0,507,4,50,0,35,1
969,Glimmet,초롱순,0,508,4,50,0,30,4
970,Glimmora,킬라플로르,969,508,4,50,0,30,4
971,Greavard,망망이,0,509,4,50,0,20,4
972,Houndstone,묘두기,971,509,4,50,0,20,4
973,Flamigo,꼬이밍고,0,510,4,50,0,20,4
974,Cetoddle,터벅고래,0,511,4,50,0,25,4
975,Cetitan,우락고래,974,511,4,50,0,25,4
976,Veluza,가비루사,0,512,4,50,0,20,3
977,Dondozo,어써러셔,0,513,4,50,0,40,1
978,Tatsugiri,싸리용,0,514,4,50,0,35,4
979,Annihilape,저승갓숭,57,24,4,50,0,20,2
980,Clodsire,토오,194,96,4,50,0,20,2
981,Farigiraf,키키링,203,101,4,50,0,20,2
982,Dudunsparce,노고고치,206,103,4,50,0,20,2
983,Kingambit,대도각참,625,317,4,50,0,20,2
984,Great Tusk,위대한엄니,0,515,-1,0,0,50,1
985,Scream Tail,우렁찬꼬리,0,516,-1,0,0,50,1
986,Brute Bonnet,사나운버섯,0,517,-1,0,0,50,1
987,Flutter Mane,날개치는머리,0,518,-1,0,0,50,1
988,Slither Wing,땅을기는날개,0,519,-1,0,0,50,1
989,Sandy Shocks,모래털가죽,0,520,-1,0,0,50,1
990,Iron Treads,무쇠바퀴,0,521,-1,0,0,50,1
991,Iron Bundle,무쇠보따리,0,522,-1,0,0,50,1
992,Iron Hands,무쇠손,0,523,-1,0,0,50,1
993,Iron Jugulis,무쇠머리,0,524,-1,0,0,50,1
994,Iron Moth,무쇠독나방,0,525,-1,0,0,50,1
995,Iron Thorns,무쇠가시,0,526,-1,0,0,50,1
996,Frigibax,드니차,0,527,4,50,0,40,1
997,Arctibax,드니꽁,996,527,4,50,0,40,1
998,Baxcalibur,드닐레이브,997,527,4,50,0,40,1
999,Gimmighoul,모으령,0,528,-1,50,0,50,1
1000,Gholdengo,타부자고,999,528,-1,50,0,50,1
1001,Wo-Chien,총지엔,0,529,-1,0,0,50,1
1002,Chien-Pao,파오젠,0,530,-1,0,0,50,1
1003,Ting-Lu,딩루,0,531,-1,0,0,50,1
1004,Chi-Yu,위유이,0,532,-1,0,0,50,1
1005,Roaring Moon,고동치는달,0,533,-1,0,0,50,1
1006,Iron Valiant,무쇠무인,0,534,-1,0,0,50,1
1007,Koraidon,코라이돈,0,535,-1,0,0,50,1
1008,Miraidon,미라이돈,0,536,-1,0,0,50,1
1009,Walking Wake,굽이치는물결,0,537,-1,0,0,50,1
1010,Iron Leaves,무쇠잎새,0,538,-1,0,0,50,1
1011,Dipplin,과미르,840,442,-1,50,0,20,1
1012,Poltchageist,차데스,0,539,-1,50,0,50,1
1013,Sinistcha,그우린차,1012,539,-1,50,0,50,1
1014,Okidogi,조타구,0,540,-1,0,0,50,1
1015,Munkidori,이야후,0,541,-1,0,0,50,1
1016,Fezandipiti,기로치,0,542,-1,0,0,50,1
1017,Ogerpon,오거폰,0,543,-1,50,0,50,1
1018,Archaludon,브리두라스,884,465,4,50,0,30,2
1019,Hydrapple,과미드라,1011,442,4,50,0,20,5
1020,Gouging Fire,꿰뚫는화염,0,544,-1,0,0,50,1
1021,Raging Bolt,날뛰는우레,0,545,-1,0,0,50,1
1022,Iron Boulder,무쇠암석,0,547,-1,0,0,50,1
1023,Iron Crown,무쇠감투,0,546,-1,0,0,50,1
1024,Terapagos,테라파고스,0,548,-1,50,0,5,1
1025,Pecharunt,복숭악동,0,549,-1,0,0,20,1
